投入済み,和名,英語名
TRUE,賢きモスマン,The Wise Mothman
TRUE,巻きつき蛇,Winding Constrictor
TRUE,進化する未開地,Evolving Wilds
TRUE,島,Island
TRUE,島,Island
TRUE,島,Island
TRUE,島,Island
TRUE,島,Island
TRUE,島,Island
TRUE,島,Island
TRUE,沼,Swamp
TRUE,沼,Swamp
TRUE,沼,Swamp
TRUE,沼,Swamp
TRUE,沼,Swamp
TRUE,沼,Swamp
TRUE,森,Forest
TRUE,森,Forest
TRUE,森,Forest
TRUE,森,Forest
TRUE,森,Forest
TRUE,森,Forest
TRUE,森,Forest
TRUE,森,Forest
TRUE,墓場波、ムルドローサ,"Muldrotha, the Gravetide"
TRUE,内陸の湾港,Hinterland Harbor
TRUE,森林の墓地,Woodland Cemetery
TRUE,窪み渓谷,Sunken Hollow
TRUE,サテュロスの道探し,Satyr Wayfinder
TRUE,対抗呪文,Counterspell
TRUE,不屈の自然,Rampant Growth
TRUE,風変わりな果樹園,Exotic Orchard
TRUE,思考掃き,Thought Scour
TRUE,狩りの仕込み,Bred for the Hunt
TRUE,鼓舞する呼び声,Inspiring Call
TRUE,溢れかえる果樹園,Flooded Grove
TRUE,自然の知識,Nature's Lore
TRUE,水深の魔道士,Fathom Mage
TRUE,硬化した鱗,Hardened Scales
TRUE,群の祭壇,Altar of the Brood
TRUE,華やかな宮殿,Opulent Palace
TRUE,太陽の指輪,Sol Ring
TRUE,広漠なる変幻地,Terramorphic Expanse
TRUE,耕作,Cultivate
TRUE,速足のブーツ,Swiftfoot Boots
TRUE,遥か見,Farseek
TRUE,搭載歩行機械,Hangarback Walker
TRUE,血の長の昇天,Bloodchief Ascension
TRUE,催眠の宝珠,Mesmeric Orb
TRUE,喉首狙い,Go for the Throat
TRUE,内にいる獣,Beast Within
TRUE,精神クランク,Mindcrank
TRUE,屍体屋の脅威,Corpsejack Menace
TRUE,縫い師への供給者,Stitcher's Supplier
TRUE,かき鳴らし鳥,Thrummingbird
TRUE,統率の塔,Command Tower
TRUE,暗殺者の戦利品,Assassin's Trophy
TRUE,培養ドルイド,Incubation Druid
TRUE,流束の媒介者,Flux Channeler
TRUE,進化の賢者,Evolution Sage
TRUE,カーンの拠点,Karn's Bastion
TRUE,好奇のタリスマン,Talisman of Curiosity
TRUE,反発のタリスマン,Talisman of Resilience
TRUE,湖での水難,Drown in the Loch
TRUE,寓話の小道,Fabled Passage
TRUE,秘儀の印鑑,Arcane Signet
TRUE,枝分かれの進化,Branching Evolution
TRUE,遺跡ガニ,Ruin Crab
TRUE,大群への給餌,Feed the Swarm
TRUE,難破船の湿地,Shipwreck Marsh
TRUE,死天狗茸の林間地,Deathcap Glade
TRUE,夢根の滝,Dreamroot Cascade
TRUE,タミヨウの保管,Tamiyo's Safekeeping
TRUE,実験的占い,Experimental Augury
TRUE,囁かれる希望の神,Kami of Whispered Hopes
TRUE,別れの波,Wave Goodbye
TRUE,事件現場の分析者,Aftermath Analyst
TRUE,マイアラーク・クイーン,Mirelurk Queen
TRUE,ラッドストーム,Radstorm
TRUE,厄介なラッドガル,Vexing Radgull
TRUE,フェラル・グール,Feral Ghoul
TRUE,群生するラッドローチ,Infesting Radroach
TRUE,放射性降下物,Nuclear Fallout
TRUE,金切り声のスコーチビースト,Screeching Scorchbeast
TRUE,光る輩,Glowing One
TRUE,テイト農夫,Tato Farmer
TRUE,原子化,Atomize
TRUE,変異の賜物,Mutational Advantage
TRUE,マリポーサ軍事基地,Mariposa Military Base
TRUE,日を浴びる繁殖鱗,Basking Broodscale
TRUE,進化の証人,Evolution Witness
TRUE,六番,Six
TRUE,生垣裁断機,Hedge Shredder
TRUE,水のクリスタル,The Water Crystal
TRUE,古代の災厄、ジェノバ,"Jenova, Ancient Calamity"
TRUE,量子の謎かけ屋,Quantum Riddler
TRUE,惑星共生,Terrasymbiosis
TRUE,海中の戦士、レイ・フィレット,"Ray Fillet, Wave Warrior"
TRUE,沈思の教授,Pensive Professor
TRUE,湖の町の統領,The Master of Lake-town
