投入済み,和名,英語名,マナコスト（色）,マナコスト（数値）,カード種別,メイン効果,サブ効果,備考,所持数
FALSE,冒涜の行動,Blasphemous Act,{R} 赤,9,ソーサリー,全体除去,,戦場のクリーチャーの数だけ{1}軽減 / 全クリーチャーに13点ダメージ,
FALSE,堕落した確信,Corrupted Conviction,{B} 黒,1,インスタント,ドロー,,クリーチャーを生け贄にするコストで2ドロー(1マナ),
FALSE,波止場の料理人,Dockside Chef,{B} 黒,1,クリーチャー,ドロー,,{1}{B}、アーティファクトかクリーチャーを生け贄:1ドロー（サクリファイス・アウトレット）,
FALSE,咆吼部隊の重量級,Howlsquad Heavy,{R} 赤,3,クリーチャー,トークン,マナ加速,他のゴブリンに速攻付与 / 戦闘開始時ゴブリン・トークン生成(強制攻撃) / 最大速度でゴブリンの数だけマナ,
FALSE,忠実な弟子,Loyal Apprentice,{R} 赤,2,クリーチャー,トークン,,速攻 / リューテナント：統率者がいれば戦闘開始時飛行トプター・トークン生成(速攻),
FALSE,山,Mountain,,0,土地,,,,
FALSE,山,Mountain,,0,土地,,,,
FALSE,山,Mountain,,0,土地,,,,
FALSE,山,Mountain,,0,土地,,,,
FALSE,山,Mountain,,0,土地,,,,
FALSE,山,Mountain,,0,土地,,,,
FALSE,山,Mountain,,0,土地,,,,
FALSE,夜の囁き,Night's Whisper,{B} 黒,2,ソーサリー,ドロー,,2ドロー、2ライフ支払い,
FALSE,ラクドスの印鑑,Rakdos Signet,無色,2,アーティファクト,マナ加速,,,
FALSE,太陽の指輪,Sol Ring,無色,1,アーティファクト,マナ加速,,,
FALSE,硫黄泉,Sulfurous Springs,,0,土地,,,ペインランド,
FALSE,耽溺のタリスマン,Talisman of Indulgence,無色,2,アーティファクト,マナ加速,,,
FALSE,虚空間追いの情熱家,Weftstalker Ardent,{R} 赤,3,クリーチャー,バーン,,他クリーチャー/アーティファクト展開時1点バーン / ワープ{R},
FALSE,萎縮させる責め苦,Withering Torment,{B} 黒,3,インスタント,除去,,対象はクリーチャーかエンチャント / 2ライフ支払い,
TRUE,祭壇の刈り取り,Altar's Reap,{B} 黒,2,インスタント,ドロー,,クリーチャーを生け贄にするコストで2ドロー,
TRUE,秘儀の印鑑,Arcane Signet,無色,2,アーティファクト,マナ加速,,,
TRUE,苦々しい勝利,Bitter Triumph,{B} 黒,2,インスタント,除去,,追加コストでカード1枚を捨てるか3ライフ支払い / クリーチャーかPWを破壊,
TRUE,黒割れの崖,Blackcleave Cliffs,,0,土地,,,フェストランド（自分の土地が2以下ならアンタップイン）,
TRUE,炎の侍祭、チャンドラ,"Chandra, Acolyte of Flame",{R} 赤,3,プレインズウォーカー,トークン,墓地回収,0:1/1速攻エレメンタル・トークン2体生成（終了時サクる）/ -2:墓地からCMC3以下の呪文を追放前提で唱える,
TRUE,チャンドラの焼却者,Chandra's Incinerator,{R} 赤,6,クリーチャー,バーン,除去,トランプル / このターンの非戦闘ダメージ分コスト軽減 / 非戦闘ダメージを与えるたび対象のクリーチャーかPWにも同ダメージ,
TRUE,統率の塔,Command Tower,,0,土地,,,,
TRUE,高くつく略奪,Costly Plunder,{B} 黒,2,インスタント,ドロー,,アーティファクトかクリーチャーを生け贄にするコストで2ドロー,
TRUE,エンバレスの宮廷,Court of Embereth,{R} 赤,4,エンチャント,トークン,バーン,戦場に出た時モナークになる / 自アップキープ毎に3/1ナイト・トークン生成、モナークならクリーチャー数分バーン,
TRUE,果敢な海賊行為,Daring Piracy,{R} 赤,3,エンチャント,トークン,,戦闘開始時1/1威迫速攻海賊トークン生成(終了時追放),
TRUE,闇の砦,Dark Fortress,,0,土地,,,このターン戦場に出たか基本土地を支配している場合のみ黒か赤を生成可,
TRUE,命取りの論争,Deadly Dispute,{B} 黒,2,インスタント,ドロー,マナ加速,アーティファクトかクリーチャーを生け贄にするコストで2ドロー+トレジャー生成,
TRUE,竜髑髏の山頂,Dragonskull Summit,,0,土地,,,チェックランド（沼か山を支配でアンタップイン）,
TRUE,エレジーの見習い,Elegy Acolyte,{B} 黒,4,クリーチャー,ドロー,トークン,絆魂 / 自軍が戦闘ダメージを与えるたびドロー(1ライフ支払い) / Void達成でロボット・トークン生成,
TRUE,腸抜きの洞察,Eviscerator's Insight,{B} 黒,2,インスタント,ドロー,,アーティファクトかクリーチャーを生け贄にするコストで2ドロー / フラッシュバック{4}{B},
TRUE,寓話の小道,Fabled Passage,,0,土地,ランド展開,,自身をサクって基本土地をサーチ / 土地4つ以上支配でアンタップイン,
TRUE,熱狂的な献上,Fanatical Offering,{B} 黒,2,インスタント,ドロー,サーチ,アーティファクトかクリーチャーを生け贄にするコストで2ドロー+地図トークン生成,
TRUE,エンドの首領、ファー・フォーチュン,"Far Fortune, End Boss",{B}{R} 黒赤,4,クリーチャー,バーン,アタッカー,統率者候補 / 攻撃時1点バーン / スピード最大で自分の発生源のダメージ+1,
TRUE,巡り合わせたる火の力,Fated Firepower,{R} 赤,3,エンチャント,バーン,,フラッシュ / Xの数だけ火カウンターを乗せて戦場に出る / 赤の発生源のダメージがカウンター数分増加,
TRUE,大群への給餌,Feed the Swarm,{B} 黒,2,ソーサリー,除去,,対象は相手のクリーチャーかエンチャント / マナ総量分のライフを失う,
TRUE,友なる石,Fellwar Stone,無色,2,アーティファクト,マナ加速,,,
TRUE,凶兆の廃墟,Foreboding Ruins,,0,土地,,,沼か山を手札から公開でアンタップイン,
TRUE,鸚鵡の匪賊、フランシスコ,"Francisco, Fowl Marauder",{B} 黒,2,クリーチャー,アタッカー,ドロー,飛行・ブロック不可 / 海賊がダメージを与えると探検 / Partner,
TRUE,ブルメシアの竜騎士、フライヤ,Freya Crescent,{R} 赤,1,クリーチャー,アタッカー,マナ加速,自分のターンのみ飛行 / 装備品専用のマナ能力,
TRUE,ケルドの血拳、ガルナ,"Garna, Bloodfist of Keld",{B}{R} 黒赤,4,クリーチャー,ドロー,バーン,自軍クリーチャー死亡時、攻撃中だったならドロー、それ以外は1点バーン,
TRUE,電光の姫将軍、クレート,"General Kreat, the Boltbringer",{R} 赤,3,クリーチャー,トークン,バーン,ゴブリン攻撃時、攻撃状態のゴブリン・トークン生成 / 他クリーチャー展開時1点バーン,
TRUE,ヨーグモスの法務官、ギックス,"Gix, Yawgmoth Praetor",{B} 黒,3,クリーチャー,ドロー,サーチ,戦闘ダメージ時、双方ライフ支払いでドロー可 / 重い起動コストで相手ライブラリーをプレイ可能に,
TRUE,ゴブリンの突撃,Goblin Assault,{R} 赤,3,エンチャント,トークン,アタッカー,毎アップキープ速攻ゴブリン・トークン生成 / ゴブリンは可能なら攻撃必須,
TRUE,偶像の石塚,Graven Cairns,,0,土地,,,フィルターランド,
TRUE,急かされるドローン職人,Harried Dronesmith,{R} 赤,4,クリーチャー,トークン,,戦闘開始時1/1飛行速攻トプター・トークン生成（終了時サクる）,
TRUE,衝撃の震え,Impact Tremors,{R} 赤,2,エンチャント,バーン,,クリーチャー展開時1点バーン(トークン展開との相性が良い),
TRUE,冥府の掌握,Infernal Grasp,{B} 黒,2,インスタント,除去,,2ライフ支払いで確定除去,
TRUE,,Ingris Stingerquill,{B}{R} 黒赤,3,クリーチャー,バーン,トークン,統率者 / 飛行 / 攻撃時、攻撃クリーチャーごとに1点バーン / {4}:2/2トークン生成、全体に速攻付与（未発売カードのため和名未定・2026-10-02発売予定）,
TRUE,憎悪の手、ラゴモス,"Lagomos, Hand of Hatred",{B}{R} 黒赤,3,クリーチャー,トークン,サーチ,統率者候補 / 戦闘開始時2/1トランプル速攻トークン生成(終了時サクる) / このターン5体以上死亡でサーチ起動可,
TRUE,溶岩爪の辺境,Lavaclaw Reaches,,0,土地,,,常にタップイン（マンランド：{1}{B}{R}で2/2クリーチャー化）,
TRUE,軍勢の戦親分,Legion Warboss,{R} 赤,3,クリーチャー,トークン,アタッカー,メンター / 戦闘開始時1/1ゴブリン・トークン生成(速攻・強制攻撃),
TRUE,下水王、駆け抜け侯,"Lord Skitter, Sewer King",{B} 黒,3,クリーチャー,トークン,その他,統率者候補 / 他のラット展開時、相手の墓地のカードを追放 / 戦闘開始時ラット・トークン生成(ブロック不可),
TRUE,機械化戦,Mechanized Warfare,{R} 赤,3,エンチャント,バーン,,赤かアーティファクトの発生源のダメージ+1（ダメージ増幅の要）,
TRUE,溶鉄の門番,Molten Gatekeeper,{R} 赤,3,クリーチャー,バーン,墓地回収,他クリーチャー展開時1点バーン / 発掘{R},
TRUE,病的な日和見主義者,Morbid Opportunist,{B} 黒,3,クリーチャー,ドロー,,他のクリーチャーが死亡するたび1ドロー(ターン1回),
TRUE,山,Mountain,,0,土地,,,,
TRUE,山,Mountain,,0,土地,,,,
TRUE,山,Mountain,,0,土地,,,,
TRUE,山,Mountain,,0,土地,,,,
TRUE,山,Mountain,,0,土地,,,,
TRUE,山,Mountain,,0,土地,,,,
TRUE,山,Mountain,,0,土地,,,,
TRUE,山,Mountain,,0,土地,,,,
TRUE,いとしいしと,My Precious,無色,3,アーティファクト,守り,ドロー,装備品：呪禁+ブロック不可付与 / Adventure面「Allure of Power」：クリーチャー生け贄で2ドロー,
TRUE,悲惨な最期,Nasty End,{B} 黒,2,インスタント,ドロー,,クリーチャーを生け贄にするコストで2ドロー(伝説なら3ドロー),
TRUE,蛇術師,Ophiomancer,{B} 黒,3,クリーチャー,トークン,,毎アップキープ、蛇を支配していなければ接死蛇トークン生成,
TRUE,フェニックスの雛,Phoenix Chick,{R} 赤,1,クリーチャー,アタッカー,墓地回収,飛行・速攻・ブロック不可 / 3体以上で攻撃時{R}{R}で墓地から戦場へ(+1/+1カウンター付き・攻撃状態),
TRUE,顔壊しのプロ,Professional Face-Breaker,{R} 赤,3,クリーチャー,マナ加速,ドロー,威迫 / 戦闘ダメージ時トレジャー生成 / トレジャーを生け贄でインパルスドロー,
TRUE,剃刀罠の山峡,Razortrap Gorge,,0,土地,,,対戦相手のライフが13以下でアンタップイン,
TRUE,勢団の取り引き,Reckoner's Bargain,{B} 黒,2,インスタント,ドロー,ライフゲイン,アーティファクトかクリーチャーを生け贄にするコストで、そのマナ総量分ライフ回復+2ドロー,
TRUE,不穏な火道,Restless Vents,,0,土地,,,常にタップイン（マンランド：{1}{B}{R}で2/3メナス化・攻撃時ルーティング）,
TRUE,しっぺ返し,Return the Favor,{R} 赤,2,インスタント,コピー,,スプリー：呪文かアビリティのコピー、または対象変更を選択(両方選択も可),
TRUE,荒れ狂う嵐の儀式,Rite of the Raging Storm,{R} 赤,5,エンチャント,トークン,アタッカー,全員のアップキープに5/1トランプル速攻トークン生成(自分への攻撃は不可、終了時サクる),
TRUE,焦がし切りのゴブリン,Searslicer Goblin,{R} 赤,2,クリーチャー,トークン,,略奪：このターン攻撃していれば終了時にゴブリン・トークン生成,
TRUE,包囲攻撃の副官,Siege-Gang Lieutenant,{R} 赤,4,クリーチャー,トークン,バーン,リューテナント：統率者がいれば戦闘開始時ゴブリン・トークン2体生成(速攻) / ゴブリンを生け贄で1点ダメージ,
TRUE,破天荒爬虫類、スラッシュ,"Slash, Reptile Rampager",{R} 赤,5,クリーチャー,バーン,トークン,統率者候補 / アライアンス：他クリーチャー展開時2点バーン / 攻撃時2/2ミュータント・トークン生成,
TRUE,燻る湿地,Smoldering Marsh,,0,土地,,,基本土地2つ以上でアンタップイン（タンゴランド）,
TRUE,突刺回廊+拷問部屋,Spiked Corridor // Torture Pit,{R} 赤,8,エンチャント,トークン,バーン,部屋(Room)カード / 一方は死亡時1点の1/1デビル・トークン3体を生成、他方は非戦闘ダメージ+2の増幅（和名情報未整備）,
TRUE,ステンシアの蜂起,Stensia Uprising,{R} 赤,4,エンチャント,トークン,バーン,終了時ヒューマン・トークン生成 / 永久物13個を支配していれば生け贄で7点ダメージ,
TRUE,沼,Swamp,,0,土地,,,,
TRUE,沼,Swamp,,0,土地,,,,
TRUE,沼,Swamp,,0,土地,,,,
TRUE,沼,Swamp,,0,土地,,,,
TRUE,沼,Swamp,,0,土地,,,,
TRUE,沼,Swamp,,0,土地,,,,
TRUE,沼,Swamp,,0,土地,,,,
TRUE,沼,Swamp,,0,土地,,,,
TRUE,汚れた峰,Tainted Peak,,0,土地,,,沼を支配している場合のみ黒か赤を生成可,
TRUE,悪意の神殿,Temple of Malice,,0,土地,,,スクライランド（占術1でタップイン）,
TRUE,朱地洞の族長、トーブラン,"Torbran, Thane of Red Fell",{R} 赤,4,クリーチャー,バーン,コンボパーツ,統率者候補 / 自分の赤い発生源のダメージ+2（ダメージ増幅の要）,
TRUE,ウラブラスクの溶鉱炉,Urabrask's Forge,{R} 赤,3,アーティファクト,トークン,,戦闘開始時オイル・カウンターを置き、その数のX/1トークン生成(終了時サクる),
TRUE,吸血の儀式,Vampiric Rites,{B} 黒,1,エンチャント,ドロー,ライフゲイン,クリーチャーを生け贄にしてライフ+1、1ドロー（サクリファイス・アウトレット）,
TRUE,村の儀式,Village Rites,{B} 黒,1,インスタント,ドロー,,クリーチャーを生け贄にするコストで2ドロー(1マナ),
TRUE,エレボスの鞭,Whip of Erebos,{B} 黒,4,アーティファクト,墓地回収,ライフゲイン,自軍に絆魂付与 / 起動で墓地のクリーチャーを一時的に戦場へ(速攻付与、終了時追放),
TRUE,野火の精霊,Wildfire Elemental,{R} 赤,4,クリーチャー,アタッカー,,対戦相手が非戦闘ダメージを受けるたび自軍が+1/+0(ターン終了時まで),
TRUE,機知ある怨怒取り,Witty Roastmaster,{R} 赤,3,クリーチャー,バーン,,アライアンス：他クリーチャー展開時1点バーン,